{
  "attributes": {
    "gunsmithlib:bullet_damage": {
      "enabled": false,
      "min": {
        "default": -Infinity,
        "value": -Infinity
      },
      "max": {
        "default": Infinity,
        "value": Infinity
      }
    },
    "forge:step_height_addition": {
      "enabled": false,
      "min": {
        "default": -512,
        "value": -512
      },
      "max": {
        "default": 512,
        "value": 512
      }
    },
    "attributeslib:ghost_health": {
      "enabled": false,
      "min": {
        "default": 0,
        "value": 0
      },
      "max": {
        "default": 1000,
        "value": 1000
      }
    },
    "minecraft:generic.follow_range": {
      "enabled": true,
      "min": {
        "default": 0,
        "value": 0
      },
      "max": {
        "default": 2048,
        "value": 2048
      }
    },
    "attributeslib:prot_shred": {
      "enabled": false,
      "min": {
        "default": 0,
        "value": 0
      },
      "max": {
        "default": 1,
        "value": 1
      }
    },
    "block_factorys_bosses:roll_animtime": {
      "enabled": false,
      "min": {
        "default": 0,
        "value": 0
      },
      "max": {
        "default": 100,
        "value": 100
      }
    },
    "attributeslib:overheal": {
      "enabled": false,
      "min": {
        "default": 0,
        "value": 0
      },
      "max": {
        "default": 10,
        "value": 10
      }
    },
    "attributeslib:armor_shred": {
      "enabled": false,
      "min": {
        "default": 0,
        "value": 0
      },
      "max": {
        "default": 2,
        "value": 2
      }
    },
    "attributeslib:healing_received": {
      "enabled": false,
      "min": {
        "default": 0,
        "value": 0
      },
      "max": {
        "default": 1000,
        "value": 1000
      }
    },
    "forge:entity_gravity": {
      "enabled": false,
      "min": {
        "default": -8,
        "value": -8
      },
      "max": {
        "default": 8,
        "value": 8
      }
    },
    "attributeslib:armor_pierce": {
      "enabled": false,
      "min": {
        "default": 0,
        "value": 0
      },
      "max": {
        "default": 1000,
        "value": 1000
      }
    },
    "undead_revamp2:bossloader": {
      "enabled": false,
      "min": {
        "default": 0,
        "value": 0
      },
      "max": {
        "default": 1,
        "value": 1
      }
    },
    "lodestone:magic_proficiency": {
      "enabled": false,
      "min": {
        "default": 0,
        "value": 0
      },
      "max": {
        "default": 2048,
        "value": 2048
      }
    },
    "attributeslib:cold_damage": {
      "enabled": false,
      "min": {
        "default": 0,
        "value": 0
      },
      "max": {
        "default": 1000,
        "value": 1000
      }
    },
    "attributeslib:experience_gained": {
      "enabled": false,
      "min": {
        "default": 0,
        "value": 0
      },
      "max": {
        "default": 1000,
        "value": 1000
      }
    },
    "minecraft:generic.luck": {
      "enabled": true,
      "min": {
        "default": -1024,
        "value": -1024
      },
      "max": {
        "default": 1024,
        "value": 1024
      }
    },
    "gunsmithlib:horz_recoil": {
      "enabled": false,
      "min": {
        "default": -Infinity,
        "value": -Infinity
      },
      "max": {
        "default": Infinity,
        "value": Infinity
      }
    },
    "fallen_gems_affixes:spread_reduction": {
      "enabled": false,
      "min": {
        "default": 0,
        "value": 0
      },
      "max": {
        "default": 1,
        "value": 1
      }
    },
    "apotheosis_modern_ragnarok:posture": {
      "enabled": false,
      "min": {
        "default": 0,
        "value": 0
      },
      "max": {
        "default": 1,
        "value": 1
      }
    },
    "forge:entity_reach": {
      "enabled": false,
      "min": {
        "default": 0,
        "value": 0
      },
      "max": {
        "default": 1024,
        "value": 1024
      }
    },
    "tacz:tacz.bullet_resistance": {
      "enabled": false,
      "min": {
        "default": 0,
        "value": 0
      },
      "max": {
        "default": 1,
        "value": 1
      }
    },
    "undead_revamp2:cheroattackspeed": {
      "enabled": false,
      "min": {
        "default": 1,
        "value": 1
      },
      "max": {
        "default": 20,
        "value": 20
      }
    },
    "combatroll:distance": {
      "enabled": false,
      "min": {
        "default": 1,
        "value": 1
      },
      "max": {
        "default": 24,
        "value": 24
      }
    },
    "undead_revamp2:returnvauleundead": {
      "enabled": false,
      "min": {
        "default": 0,
        "value": 0
      },
      "max": {
        "default": 3,
        "value": 3
      }
    },
    "additionalentityattributes:magic_protection": {
      "enabled": false,
      "min": {
        "default": 0,
        "value": 0
      },
      "max": {
        "default": 1024,
        "value": 1024
      }
    },
    "additionalentityattributes:lava_visibility": {
      "enabled": false,
      "min": {
        "default": 0,
        "value": 0
      },
      "max": {
        "default": 1024,
        "value": 1024
      }
    },
    "additionalentityattributes:bonus_loot_count_rolls": {
      "enabled": false,
      "min": {
        "default": 0,
        "value": 0
      },
      "max": {
        "default": 128,
        "value": 128
      }
    },
    "additionalentityattributes:lung_capacity": {
      "enabled": false,
      "min": {
        "default": -40000,
        "value": -40000
      },
      "max": {
        "default": 40000,
        "value": 40000
      }
    },
    "fallen_gems_affixes:max_health_damage": {
      "enabled": false,
      "min": {
        "default": 0,
        "value": 0
      },
      "max": {
        "default": 1,
        "value": 1
      }
    },
    "combatroll:recharge": {
      "enabled": false,
      "min": {
        "default": 0.1,
        "value": 0.1
      },
      "max": {
        "default": 200,
        "value": 200
      }
    },
    "attributeslib:dodge_chance": {
      "enabled": false,
      "min": {
        "default": 0,
        "value": 0
      },
      "max": {
        "default": 1,
        "value": 1
      }
    },
    "minecraft:zombie.spawn_reinforcements": {
      "enabled": true,
      "min": {
        "default": 0,
        "value": 0
      },
      "max": {
        "default": 1,
        "value": 1
      }
    },
    "attributeslib:fire_damage": {
      "enabled": false,
      "min": {
        "default": 0,
        "value": 0
      },
      "max": {
        "default": 1000,
        "value": 1000
      }
    },
    "minecraft:generic.attack_knockback": {
      "enabled": true,
      "min": {
        "default": 0,
        "value": 0
      },
      "max": {
        "default": 5,
        "value": 1000000
      }
    },
    "attributeslib:crit_chance": {
      "enabled": false,
      "min": {
        "default": 0,
        "value": 0
      },
      "max": {
        "default": 10,
        "value": 10
      }
    },
    "lodestone:magic_resistance": {
      "enabled": false,
      "min": {
        "default": 1,
        "value": 1
      },
      "max": {
        "default": 2048,
        "value": 2048
      }
    },
    "forge:swim_speed": {
      "enabled": false,
      "min": {
        "default": 0,
        "value": 0
      },
      "max": {
        "default": 1024,
        "value": 1024
      }
    },
    "minecraft:generic.armor_toughness": {
      "enabled": true,
      "min": {
        "default": 0,
        "value": 0
      },
      "max": {
        "default": 20,
        "value": 1000000
      }
    },
    "dungeons_and_combat:action_state": {
      "enabled": false,
      "min": {
        "default": 0,
        "value": 0
      },
      "max": {
        "default": 1024,
        "value": 1024
      }
    },
    "additionalentityattributes:dig_speed": {
      "enabled": false,
      "min": {
        "default": 0,
        "value": 0
      },
      "max": {
        "default": 2048,
        "value": 2048
      }
    },
    "gunsmithlib:aim_lock_range": {
      "enabled": false,
      "min": {
        "default": 0,
        "value": 0
      },
      "max": {
        "default": 1024,
        "value": 1024
      }
    },
    "attributeslib:crit_damage": {
      "enabled": false,
      "min": {
        "default": 1,
        "value": 1
      },
      "max": {
        "default": 100,
        "value": 100
      }
    },
    "additionalentityattributes:water_visibility": {
      "enabled": false,
      "min": {
        "default": 0,
        "value": 0
      },
      "max": {
        "default": 1024,
        "value": 1024
      }
    },
    "forge:nametag_distance": {
      "enabled": false,
      "min": {
        "default": 0,
        "value": 0
      },
      "max": {
        "default": 64,
        "value": 64
      }
    },
    "fallen_gems_affixes:reload_speed": {
      "enabled": false,
      "min": {
        "default": -0.99,
        "value": -0.99
      },
      "max": {
        "default": 10,
        "value": 10
      }
    },
    "block_factorys_bosses:movement_recovery": {
      "enabled": false,
      "min": {
        "default": 0,
        "value": 0
      },
      "max": {
        "default": 5,
        "value": 5
      }
    },
    "gunsmithlib:aim_lock_angle": {
      "enabled": false,
      "min": {
        "default": 0,
        "value": 0
      },
      "max": {
        "default": 360,
        "value": 360
      }
    },
    "forge:block_reach": {
      "enabled": false,
      "min": {
        "default": 0,
        "value": 0
      },
      "max": {
        "default": 1024,
        "value": 1024
      }
    },
    "divine_weaponry:zeus_relay": {
      "enabled": false,
      "min": {
        "default": 0,
        "value": 0
      },
      "max": {
        "default": 2,
        "value": 2
      }
    },
    "gunsmithlib:bullet_speed": {
      "enabled": false,
      "min": {
        "default": -Infinity,
        "value": -Infinity
      },
      "max": {
        "default": Infinity,
        "value": Infinity
      }
    },
    "additionalentityattributes:water_speed": {
      "enabled": false,
      "min": {
        "default": 0,
        "value": 0
      },
      "max": {
        "default": 1,
        "value": 1
      }
    },
    "projectile_damage:generic": {
      "enabled": false,
      "min": {
        "default": 0,
        "value": 0
      },
      "max": {
        "default": 1024,
        "value": 1024
      }
    },
    "gunsmithlib:vert_recoil": {
      "enabled": false,
      "min": {
        "default": -Infinity,
        "value": -Infinity
      },
      "max": {
        "default": Infinity,
        "value": Infinity
      }
    },
    "minecraft:generic.attack_speed": {
      "enabled": true,
      "min": {
        "default": 0,
        "value": 0
      },
      "max": {
        "default": 1024,
        "value": 1024
      }
    },
    "minecraft:generic.attack_damage": {
      "enabled": true,
      "min": {
        "default": 0,
        "value": 0
      },
      "max": {
        "default": 2048,
        "value": 1000000
      }
    },
    "attributeslib:draw_speed": {
      "enabled": false,
      "min": {
        "default": 0,
        "value": 0
      },
      "max": {
        "default": 4,
        "value": 4
      }
    },
    "divine_weaponry:erebus_flight": {
      "enabled": false,
      "min": {
        "default": 0,
        "value": 0
      },
      "max": {
        "default": 2,
        "value": 2
      }
    },
    "minecraft:generic.armor": {
      "enabled": true,
      "min": {
        "default": 0,
        "value": 0
      },
      "max": {
        "default": 30,
        "value": 1000000
      }
    },
    "fallen_gems_affixes:additional_ammo": {
      "enabled": false,
      "min": {
        "default": 0,
        "value": 0
      },
      "max": {
        "default": 100,
        "value": 100
      }
    },
    "fallen_gems_affixes:kick_reduction": {
      "enabled": false,
      "min": {
        "default": 0,
        "value": 0
      },
      "max": {
        "default": 1,
        "value": 1
      }
    },
    "gunsmithlib:reload_speed": {
      "enabled": false,
      "min": {
        "default": 0,
        "value": 0
      },
      "max": {
        "default": Infinity,
        "value": Infinity
      }
    },
    "additionalentityattributes:critical_bonus_damage": {
      "enabled": false,
      "min": {
        "default": -1,
        "value": -1
      },
      "max": {
        "default": 1024,
        "value": 1024
      }
    },
    "gunsmithlib:rpm": {
      "enabled": false,
      "min": {
        "default": 1,
        "value": 1
      },
      "max": {
        "default": 1200,
        "value": 1200
      }
    },
    "attributeslib:prot_pierce": {
      "enabled": false,
      "min": {
        "default": 0,
        "value": 0
      },
      "max": {
        "default": 34,
        "value": 34
      }
    },
    "block_factorys_bosses:burning_stability": {
      "enabled": false,
      "min": {
        "default": -10,
        "value": -10
      },
      "max": {
        "default": 10,
        "value": 10
      }
    },
    "minecraft:generic.flying_speed": {
      "enabled": true,
      "min": {
        "default": 0,
        "value": 0
      },
      "max": {
        "default": 1024,
        "value": 1024
      }
    },
    "gunsmithlib:armor_piercing_ratio": {
      "enabled": false,
      "min": {
        "default": 0,
        "value": 0
      },
      "max": {
        "default": 1,
        "value": 1
      }
    },
    "attributeslib:current_hp_damage": {
      "enabled": false,
      "min": {
        "default": 0,
        "value": 0
      },
      "max": {
        "default": 1,
        "value": 1
      }
    },
    "divine_weaponry:erebus_wither_direction": {
      "enabled": false,
      "min": {
        "default": 0,
        "value": 0
      },
      "max": {
        "default": 2,
        "value": 2
      }
    },
    "attributeslib:mining_speed": {
      "enabled": false,
      "min": {
        "default": 0,
        "value": 0
      },
      "max": {
        "default": 10,
        "value": 10
      }
    },
    "minecraft:generic.movement_speed": {
      "enabled": true,
      "min": {
        "default": 0,
        "value": 0
      },
      "max": {
        "default": 1024,
        "value": 1024
      }
    },
    "gunsmithlib:ammo_capacity": {
      "enabled": false,
      "min": {
        "default": 0,
        "value": 0
      },
      "max": {
        "default": 2147483647,
        "value": 2147483647
      }
    },
    "caelus:fall_flying": {
      "enabled": false,
      "min": {
        "default": 0,
        "value": 0
      },
      "max": {
        "default": 1,
        "value": 1
      }
    },
    "minecraft:generic.max_health": {
      "enabled": true,
      "min": {
        "default": 1,
        "value": 1
      },
      "max": {
        "default": 1024,
        "value": 1000000
      }
    },
    "combatroll:count": {
      "enabled": false,
      "min": {
        "default": 0,
        "value": 0
      },
      "max": {
        "default": 20,
        "value": 20
      }
    },
    "additionalentityattributes:lava_speed": {
      "enabled": false,
      "min": {
        "default": 0,
        "value": 0
      },
      "max": {
        "default": 1,
        "value": 1
      }
    },
    "fallen_gems_affixes:bullet_damage": {
      "enabled": false,
      "min": {
        "default": -0.99,
        "value": -0.99
      },
      "max": {
        "default": 10,
        "value": 10
      }
    },
    "additionalentityattributes:bonus_rare_loot_rolls": {
      "enabled": false,
      "min": {
        "default": 0,
        "value": 0
      },
      "max": {
        "default": 128,
        "value": 128
      }
    },
    "fallen_gems_affixes:fire_rate": {
      "enabled": false,
      "min": {
        "default": -0.99,
        "value": -0.99
      },
      "max": {
        "default": 10,
        "value": 10
      }
    },
    "attributeslib:arrow_damage": {
      "enabled": false,
      "min": {
        "default": 0,
        "value": 0
      },
      "max": {
        "default": 10,
        "value": 10
      }
    },
    "minecraft:horse.jump_strength": {
      "enabled": true,
      "min": {
        "default": 0,
        "value": 0
      },
      "max": {
        "default": 2,
        "value": 2
      }
    },
    "attributeslib:arrow_velocity": {
      "enabled": false,
      "min": {
        "default": 0,
        "value": 0
      },
      "max": {
        "default": 10,
        "value": 10
      }
    },
    "random_crits:critchance": {
      "enabled": false,
      "min": {
        "default": 0,
        "value": 0
      },
      "max": {
        "default": 1,
        "value": 1
      }
    },
    "minecraft:generic.knockback_resistance": {
      "enabled": true,
      "min": {
        "default": 0,
        "value": 0
      },
      "max": {
        "default": 1,
        "value": 1
      }
    },
    "gunsmithlib:headshot_multiplier": {
      "enabled": false,
      "min": {
        "default": -Infinity,
        "value": -Infinity
      },
      "max": {
        "default": Infinity,
        "value": Infinity
      }
    },
    "lodestone:magic_damage": {
      "enabled": false,
      "min": {
        "default": 0,
        "value": 0
      },
      "max": {
        "default": 2048,
        "value": 2048
      }
    },
    "additionalentityattributes:dropped_experience": {
      "enabled": false,
      "min": {
        "default": 0,
        "value": 0
      },
      "max": {
        "default": 1024,
        "value": 1024
      }
    },
    "attributeslib:life_steal": {
      "enabled": false,
      "min": {
        "default": 0,
        "value": 0
      },
      "max": {
        "default": 10,
        "value": 10
      }
    },
    "fallen_gems_affixes:projectile_speed": {
      "enabled": false,
      "min": {
        "default": -0.99,
        "value": -0.99
      },
      "max": {
        "default": 10,
        "value": 10
      }
    }
  }
}